{"cameraMode":{"drawMode":0,"name":"Shaded","section":"Shading Mode"},"sceneLighting":true,"audioPlay":false,"sceneViewState":{"m_AlwaysRefresh":false,"showFog":true,"showSkybox":true,"showFlares":true,"showImageEffects":true,"showParticleSystems":true,"showVisualEffectGraphs":true,"m_FxEnabled":true},"in2DMode":false,"pivot":{"x":-0.4526243209838867,"y":-0.08506131172180176,"z":0.5650167465209961},"rotation":{"x":-0.10029357671737671,"y":0.8781750798225403,"z":-0.21100790798664094,"w":-0.41740304231643679},"size":3.966487169265747,"orthographic":false}